day,date,start_time,end_time,session_code,workshop_short_name,talk_title,speaker,speaker_affiliation,location,priority,tc_relevance_reason,url,workshop_tc_importance
Friday,2026-06-05,09:10,10:00,FrTW,Geometry in the Age of Data-Driven Robotics,Debate 1: Education (claim — mathematical foundations of geometry are a top priority for robotics education today),"Seth Hutchinson, Stefano Stramigioli vs Frank Park, Noémie Jaquier",Northeastern / Twente / SNU / KTH,TBA,noteworthy,"Meta-discussion on whether classical geometric methods (Lie groups, screw theory) should still anchor robotics curricula in an ML-dominated era. Hutchinson and Park are co-authors of the two standard robotics textbooks. Useful context for TC educators but not technical content.",https://geometric-robotics.github.io/icra-2026-workshop/,"Geometric methods are foundational to the TC: kinematics on Lie groups, screw theory for dynamics, Riemannian optimization for trajectory generation, and manifold-aware control. This workshop's four debate panels ask whether classical geometric approaches still anchor robotics in an ML-dominated era — a direct conversation about the TC's own methodological foundations and where they intersect with learned policies."
Friday,2026-06-05,11:00,11:50,FrTW,Geometry in the Age of Data-Driven Robotics,Debate 2: Research (claim — the vast majority of interesting research questions on the role of geometry in robotics have already been answered),"Patrick Wensing, Antonio Franchi vs Andreas Müller, Georgia Chalvatzaki",Notre Dame / Sapienza-Twente / JKU / TU Darmstadt,TBA,spotlight,"Pro/contra debate explicitly about whether geometric robotics research is exhausted. Four panelists whose work defines the TC's geometric methods (Wensing on whole-body dynamics, Franchi on aerial control, Müller on screw theory, Chalvatzaki bridging classical and learning) arguing about the future of TC's own foundations. Genuinely once-per-conference format.",https://geometric-robotics.github.io/icra-2026-workshop/,"Geometric methods are foundational to the TC: kinematics on Lie groups, screw theory for dynamics, Riemannian optimization for trajectory generation, and manifold-aware control. This workshop's four debate panels ask whether classical geometric approaches still anchor robotics in an ML-dominated era — a direct conversation about the TC's own methodological foundations and where they intersect with learned policies."
Friday,2026-06-05,14:00,14:50,FrTW,Geometry in the Age of Data-Driven Robotics,Debate 3: Communication (claim — formal mathematical jargon only serves to increase the field's barrier to entry),"Ross Hatton, Zachary Manchester vs Nadia Figueroa, Bruno Vilhena Adorno",Oregon State / CMU / UPenn / Manchester,TBA,noteworthy,Pro/contra debate on whether the math-heavy style of geometric robotics papers excludes potential contributors. Important meta-discussion but more about field culture than technical methodology.,https://geometric-robotics.github.io/icra-2026-workshop/,"Geometric methods are foundational to the TC: kinematics on Lie groups, screw theory for dynamics, Riemannian optimization for trajectory generation, and manifold-aware control. This workshop's four debate panels ask whether classical geometric approaches still anchor robotics in an ML-dominated era — a direct conversation about the TC's own methodological foundations and where they intersect with learned policies."
Friday,2026-06-05,16:00,17:00,FrTW,Geometry in the Age of Data-Driven Robotics,Full Panel Discussion (synthesis across all three debates),"Hutchinson, Stramigioli, Park, Jaquier, Wensing, Franchi, Müller, Chalvatzaki, Hatton, Manchester, Figueroa, Adorno",Various,TBA,spotlight,"All twelve panelists in one room synthesizing the day's debates on geometric methods in robotics. Pulls together TC senior figures from kinematics (Park), dynamics (Wensing, Manchester), control (Stramigioli, Franchi), geometric mechanics (Hatton, Adorno) and learning (Jaquier, Chalvatzaki, Figueroa) at the same table. Closing community moment of the workshop day.",https://geometric-robotics.github.io/icra-2026-workshop/,"Geometric methods are foundational to the TC: kinematics on Lie groups, screw theory for dynamics, Riemannian optimization for trajectory generation, and manifold-aware control. This workshop's four debate panels ask whether classical geometric approaches still anchor robotics in an ML-dominated era — a direct conversation about the TC's own methodological foundations and where they intersect with learned policies."
Friday,2026-06-05,08:30,09:45,FrTW,AI-Driven Safe Aerial Robotics,Collision Avoidance in Aerial Vehicles,Nora Ayanian,Brown University,TBA,important,Collision avoidance for multiple aerial vehicles is a core motion-planning problem. Ayanian's group works on decentralized multi-robot coordination algorithms — exactly the kind of distributed planning the TC cares about.,https://aerial-robotics-workshop-icra.com/,"Aerial robotics is a heavy consumer of TC methods: MPC and MPPI for tracking, trajectory optimization for agile flight, control barrier functions for safety, and RL-augmented controllers for envelope-edge maneuvers. The workshop's safety framing keeps the talks on the planning and control side rather than perception in isolation. Includes talks on learned MPC for aggressive flight and multi-vehicle collision avoidance."
Friday,2026-06-05,09:45,11:00,FrTW,AI-Driven Safe Aerial Robotics,Aggressive acrobatics in insect-scale aerial robots via deep-learned model predictive control,Kevin Chen,MIT,TBA,important,Title is explicit: deep-learned MPC for aggressive flight on insect-scale robots. Sits at the intersection of learning-augmented control and constrained real-time optimization on extremely limited compute — both TC priorities.,https://aerial-robotics-workshop-icra.com/,"Aerial robotics is a heavy consumer of TC methods: MPC and MPPI for tracking, trajectory optimization for agile flight, control barrier functions for safety, and RL-augmented controllers for envelope-edge maneuvers. The workshop's safety framing keeps the talks on the planning and control side rather than perception in isolation. Includes talks on learned MPC for aggressive flight and multi-vehicle collision avoidance."
Friday,2026-06-05,14:00,15:15,FrTW,AI-Driven Safe Aerial Robotics,"Toward Physical AI: Autonomy, Collaboration, and Language-Guided Behavior in Robotic Systems",Vijay Kumar,University of Pennsylvania,TBA,important,"Kumar is a foundational figure in aerial robotics — multi-robot coordination, agile flight, swarm control. The title here is broad (vision talk) but Kumar's perspective on where autonomy is going for physical AI is worth hearing for any TC member working on multi-robot or aerial planning.",https://aerial-robotics-workshop-icra.com/,"Aerial robotics is a heavy consumer of TC methods: MPC and MPPI for tracking, trajectory optimization for agile flight, control barrier functions for safety, and RL-augmented controllers for envelope-edge maneuvers. The workshop's safety framing keeps the talks on the planning and control side rather than perception in isolation. Includes talks on learned MPC for aggressive flight and multi-vehicle collision avoidance."
Friday,2026-06-05,08:30,09:45,FrTW,AI-Driven Safe Aerial Robotics,"Reliable Visual Navigation, Anytime, Anywhere",Elia Kaufmann,Skydio,TBA,noteworthy,Kaufmann is known for the UZH champion-level drone racing work; now at Skydio. Visual navigation is TC-adjacent — the work produces flight controllers but the framing here is perception-to-policy rather than planning/control algorithm design.,https://aerial-robotics-workshop-icra.com/,"Aerial robotics is a heavy consumer of TC methods: MPC and MPPI for tracking, trajectory optimization for agile flight, control barrier functions for safety, and RL-augmented controllers for envelope-edge maneuvers. The workshop's safety framing keeps the talks on the planning and control side rather than perception in isolation. Includes talks on learned MPC for aggressive flight and multi-vehicle collision avoidance."
Friday,2026-06-05,08:30,09:45,FrTW,AI-Driven Safe Aerial Robotics,Embodied AI on Tiny Robots,Daniele Palossi,SUPSI-IDSIA,TBA,noteworthy,Onboard ML for tiny drones (nano-drones). Mostly about deploying learned policies on extremely constrained MCUs; relevant context for TC members thinking about real-time computation budgets.,https://aerial-robotics-workshop-icra.com/,"Aerial robotics is a heavy consumer of TC methods: MPC and MPPI for tracking, trajectory optimization for agile flight, control barrier functions for safety, and RL-augmented controllers for envelope-edge maneuvers. The workshop's safety framing keeps the talks on the planning and control side rather than perception in isolation. Includes talks on learned MPC for aggressive flight and multi-vehicle collision avoidance."
Friday,2026-06-05,14:00,15:15,FrTW,AI-Driven Safe Aerial Robotics,De-risking Autonomy: Leonardo's approach to safe and reliable autonomous systems,Fabrizio Schiano,Leonardo,TBA,noteworthy,Industry safety engineering perspective from a major aerospace company. Useful real-world deployment context but not a TC algorithmic contribution.,https://aerial-robotics-workshop-icra.com/,"Aerial robotics is a heavy consumer of TC methods: MPC and MPPI for tracking, trajectory optimization for agile flight, control barrier functions for safety, and RL-augmented controllers for envelope-edge maneuvers. The workshop's safety framing keeps the talks on the planning and control side rather than perception in isolation. Includes talks on learned MPC for aggressive flight and multi-vehicle collision avoidance."
Friday,2026-06-05,14:00,15:15,FrTW,AI-Driven Safe Aerial Robotics,"Bio-inspired AI for inherently safe, lightweight flying robots",Guido de Croon,TU Delft,TBA,noteworthy,Bio-inspired control for tiny flying robots. De Croon's lab does some genuine control work on MAVs; this specific talk's framing is bio-inspired AI which is more design-philosophy than control methodology.,https://aerial-robotics-workshop-icra.com/,"Aerial robotics is a heavy consumer of TC methods: MPC and MPPI for tracking, trajectory optimization for agile flight, control barrier functions for safety, and RL-augmented controllers for envelope-edge maneuvers. The workshop's safety framing keeps the talks on the planning and control side rather than perception in isolation. Includes talks on learned MPC for aggressive flight and multi-vehicle collision avoidance."
Friday,2026-06-05,09:15,09:45,FrTW,Uncertainty in Open-World Robotics,TBD,Marija Popović,TU Delft,TBA,important,Popović works on informative path planning — choosing UAV trajectories that maximize information gain for environmental monitoring. Direct TC scope: planning under uncertainty with information-theoretic objectives. Talk title not yet published but her core research area is squarely TC.,https://uncertainty-in-robotics.github.io/,"Planning under uncertainty is a defining TC topic — POMDPs, belief-space planning, informative path planning, and risk-aware MPC all fall here. The workshop's hierarchical-planning and information-gathering talks map directly onto motion planning when the environment is partially observed or actively changing. Small but topically dense for TC scope."
Friday,2026-06-05,09:45,10:15,FrTW,Uncertainty in Open-World Robotics,Scalable Multi-Agent Navigation: Hierarchical Planning Under Real-World Uncertainty,Nicholas Roy,Massachusetts Institute of Technology,TBA,spotlight,Nick Roy is the senior figure in planning under uncertainty / POMDP-based navigation. His group has produced foundational work on belief-space planning and motion planning under uncertainty. The title literally says 'Hierarchical Planning Under Real-World Uncertainty' — bullseye TC content from the leading voice in the subfield. Run across the convention for this one.,https://uncertainty-in-robotics.github.io/,"Planning under uncertainty is a defining TC topic — POMDPs, belief-space planning, informative path planning, and risk-aware MPC all fall here. The workshop's hierarchical-planning and information-gathering talks map directly onto motion planning when the environment is partially observed or actively changing. Small but topically dense for TC scope."
Friday,2026-06-05,09:00,17:15,FrTW,Scaling Compositional Intelligence for Multi-Agent Robotic Systems,Invited Talk (slot TBD),Marco Pavone,Stanford University / NVIDIA,TBA,important,"Pavone's group does multi-robot motion planning, decentralized control, and AV decision-making in the classical TC tradition. For a multi-agent workshop, his contribution is the most planning-and-control-flavored.",https://mars-eai.github.io/ICRA-SCI-MARS-Webpage/,"Multi-robot motion planning, decentralized control, and multi-agent trajectory optimization are core TC topics. This workshop spans those classical multi-robot planning questions and the newer multi-agent learned-policy direction. The strongest TC overlap comes from the multi-robot coordination and AV decision-making talks; the learned-policy talks are more adjacent."
Friday,2026-06-05,09:00,17:15,FrTW,Scaling Compositional Intelligence for Multi-Agent Robotic Systems,Invited Talk (slot TBD),Xu Liu,Stanford University,TBA,important,Stanford MSL (Mac Schwager's Multi-robot Systems Lab) — decentralized control and multi-robot motion coordination. Direct TC scope: multi-robot motion planning algorithms.,https://mars-eai.github.io/ICRA-SCI-MARS-Webpage/,"Multi-robot motion planning, decentralized control, and multi-agent trajectory optimization are core TC topics. This workshop spans those classical multi-robot planning questions and the newer multi-agent learned-policy direction. The strongest TC overlap comes from the multi-robot coordination and AV decision-making talks; the learned-policy talks are more adjacent."
Friday,2026-06-05,09:00,17:15,FrTW,Scaling Compositional Intelligence for Multi-Agent Robotic Systems,Invited Talk (slot TBD),Chelsea Finn,Stanford University / Physical Intelligence,TBA,noteworthy,Co-leads Physical Intelligence; pioneer in imitation learning and meta-learning for robot policies. Highly influential but builds learned policies rather than planning/control algorithms — TC-adjacent.,https://mars-eai.github.io/ICRA-SCI-MARS-Webpage/,"Multi-robot motion planning, decentralized control, and multi-agent trajectory optimization are core TC topics. This workshop spans those classical multi-robot planning questions and the newer multi-agent learned-policy direction. The strongest TC overlap comes from the multi-robot coordination and AV decision-making talks; the learned-policy talks are more adjacent."
Friday,2026-06-05,09:00,17:15,FrTW,Scaling Compositional Intelligence for Multi-Agent Robotic Systems,Invited Talk (slot TBD),Eugene Vinitsky,NYU Tandon,TBA,noteworthy,Multi-agent RL for autonomous driving and traffic. Multi-agent RL produces multi-agent policies but doesn't advance multi-agent planning algorithms in the classical sense — TC-adjacent.,https://mars-eai.github.io/ICRA-SCI-MARS-Webpage/,"Multi-robot motion planning, decentralized control, and multi-agent trajectory optimization are core TC topics. This workshop spans those classical multi-robot planning questions and the newer multi-agent learned-policy direction. The strongest TC overlap comes from the multi-robot coordination and AV decision-making talks; the learned-policy talks are more adjacent."
Friday,2026-06-05,09:00,17:30,FrTW,"Xplore: Cross-Disciplinary aspects of Exploration in Robotics, Reinforcement Learning, and Search",Invited Talk (slot TBD),Steve LaValle,University of Oulu,TBA,spotlight,LaValle wrote 'Planning Algorithms' (the standard motion-planning textbook) and co-invented the RRT — foundational to most modern sampling-based motion planners. He moved to VR research years ago and rarely speaks at ICRA. Hearing him on exploration is run-across-the-convention rare.,https://xplore-workshop.github.io/,"Exploration is a planning problem: information-gathering trajectories, active perception, frontier-based search, and active SLAM all overlap with the TC. This workshop frames exploration across robotics, RL theory, and search, so the TC connection runs through the planning side while the RL-theory talks sit further from core TC scope."
Friday,2026-06-05,09:00,17:30,FrTW,"Xplore: Cross-Disciplinary aspects of Exploration in Robotics, Reinforcement Learning, and Search",Invited Talk (slot TBD),Jen Jen Chung,University of Queensland,TBA,important,Chung works on informative path planning and multi-robot exploration — squarely TC scope (planning algorithms that gather information).,https://xplore-workshop.github.io/,"Exploration is a planning problem: information-gathering trajectories, active perception, frontier-based search, and active SLAM all overlap with the TC. This workshop frames exploration across robotics, RL theory, and search, so the TC connection runs through the planning side while the RL-theory talks sit further from core TC scope."
Friday,2026-06-05,09:00,17:30,FrTW,"Xplore: Cross-Disciplinary aspects of Exploration in Robotics, Reinforcement Learning, and Search",Invited Talk (slot TBD),Bakir Lacevic,University of Sarajevo,TBA,important,Lacevic works on path planning and configuration space topology — classical TC territory (sampling-based / topological motion planning).,https://xplore-workshop.github.io/,"Exploration is a planning problem: information-gathering trajectories, active perception, frontier-based search, and active SLAM all overlap with the TC. This workshop frames exploration across robotics, RL theory, and search, so the TC connection runs through the planning side while the RL-theory talks sit further from core TC scope."
Friday,2026-06-05,09:00,17:30,FrTW,"Xplore: Cross-Disciplinary aspects of Exploration in Robotics, Reinforcement Learning, and Search",Invited Talk (slot TBD),Peter Auer,Montanuniversität Leoben,TBA,noteworthy,"Auer is a foundational RL theorist (UCB algorithm, regret bounds). Theoretical RL is TC-adjacent — useful background for understanding exploration in learning-augmented planners but not directly motion-planning methodology.",https://xplore-workshop.github.io/,"Exploration is a planning problem: information-gathering trajectories, active perception, frontier-based search, and active SLAM all overlap with the TC. This workshop frames exploration across robotics, RL theory, and search, so the TC connection runs through the planning side while the RL-theory talks sit further from core TC scope."
Friday,2026-06-05,09:00,17:30,FrTW,"Xplore: Cross-Disciplinary aspects of Exploration in Robotics, Reinforcement Learning, and Search",Invited Talk (slot TBD),Antonin Raffin,DLR,TBA,noteworthy,Raffin maintains Stable-Baselines3 (the standard open-source RL library). Useful infrastructure for TC members training learned policies but not TC algorithm design.,https://xplore-workshop.github.io/,"Exploration is a planning problem: information-gathering trajectories, active perception, frontier-based search, and active SLAM all overlap with the TC. This workshop frames exploration across robotics, RL theory, and search, so the TC connection runs through the planning side while the RL-theory talks sit further from core TC scope."
Friday,2026-06-05,09:00,17:30,FrTW,"Xplore: Cross-Disciplinary aspects of Exploration in Robotics, Reinforcement Learning, and Search",Invited Talk (slot TBD),Jens Kober,University of Stuttgart,TBA,noteworthy,"Kober works on robot learning from demonstration, motion primitives, and policy search. TC-adjacent (LfD generates motion policies but doesn't advance planning/control algorithms in the classical sense).",https://xplore-workshop.github.io/,"Exploration is a planning problem: information-gathering trajectories, active perception, frontier-based search, and active SLAM all overlap with the TC. This workshop frames exploration across robotics, RL theory, and search, so the TC connection runs through the planning side while the RL-theory talks sit further from core TC scope."
Friday,2026-06-05,09:00,17:30,FrTW,"Xplore: Cross-Disciplinary aspects of Exploration in Robotics, Reinforcement Learning, and Search",Invited Talk (slot TBD),Sebastian Tschiatschek,University of Vienna,TBA,noteworthy,"Tschiatschek works on ML theory, active learning, decision-making under uncertainty. TC-adjacent through the active-learning-for-planning angle.",https://xplore-workshop.github.io/,"Exploration is a planning problem: information-gathering trajectories, active perception, frontier-based search, and active SLAM all overlap with the TC. This workshop frames exploration across robotics, RL theory, and search, so the TC connection runs through the planning side while the RL-theory talks sit further from core TC scope."
Friday,2026-06-05,14:00,17:40,FrTW,Workshop on Manipulation Robustness: Towards Human-Level Robustness under Real-World Challenges,Invited Talk (slot TBD),Andrea Bajcsy,Carnegie Mellon University,TBA,important,"Bajcsy's group works on safe control with human models, reachability-based safety, and value-aware planning. Direct TC scope: safe motion planning and control under uncertainty.",https://manipulation-robustness.github.io/icra2026/,"Manipulation robustness draws on safe motion planning, reachability-based control, and learning-augmented MPC — particularly when humans are in the loop or contact uncertainty matters. The workshop's safety-aware-control talks are direct TC scope while the broader robot-learning content sits at the planning/learning interface."
Friday,2026-06-05,14:00,17:40,FrTW,Workshop on Manipulation Robustness: Towards Human-Level Robustness under Real-World Challenges,Invited Talk (slot TBD),Jan Peters,TU Darmstadt,TBA,noteworthy,"Peters is a foundational figure in robot learning (policy search, learning from demonstration). His older work touches control theory but recent output is mostly learning-flavored — TC-adjacent.",https://manipulation-robustness.github.io/icra2026/,"Manipulation robustness draws on safe motion planning, reachability-based control, and learning-augmented MPC — particularly when humans are in the loop or contact uncertainty matters. The workshop's safety-aware-control talks are direct TC scope while the broader robot-learning content sits at the planning/learning interface."
Friday,2026-06-05,14:00,17:40,FrTW,Workshop on Manipulation Robustness: Towards Human-Level Robustness under Real-World Challenges,Invited Talk (slot TBD),Oliver Brock,TU Berlin,TBA,noteworthy,Brock's RBO Hand and interactive perception work treats perception+action as a single problem. TC-adjacent — useful for active-sensing-and-control formulations.,https://manipulation-robustness.github.io/icra2026/,"Manipulation robustness draws on safe motion planning, reachability-based control, and learning-augmented MPC — particularly when humans are in the loop or contact uncertainty matters. The workshop's safety-aware-control talks are direct TC scope while the broader robot-learning content sits at the planning/learning interface."
Friday,2026-06-05,09:00,17:30,FrTW,8th Workshop on Long-Term Human Motion Prediction,Invited Talk (slot TBD),Katherine Driggs-Campbell,University of Illinois Urbana-Champaign,TBA,noteworthy,Driggs-Campbell's group works on social navigation — planning around predicted human motion. Closest TC angle in this prediction-focused workshop.,https://motionpredictionicra2026.github.io/,"Human motion prediction is a producer for TC research rather than a TC topic in itself — predictions feed into social navigation planners, AV motion planning, and shared-autonomy controllers. The workshop's center of gravity is on the prediction side, with downstream connections to the planning-around-humans subset of the TC."
Friday,2026-06-05,09:00,17:30,FrTW,8th Workshop on Long-Term Human Motion Prediction,Invited Talk (slot TBD),Jean Oh,Carnegie Mellon University,TBA,noteworthy,Oh works on social navigation and learning-from-experience policies for robots in human environments. TC-adjacent — planning around predicted motion is a TC consumer of prediction.,https://motionpredictionicra2026.github.io/,"Human motion prediction is a producer for TC research rather than a TC topic in itself — predictions feed into social navigation planners, AV motion planning, and shared-autonomy controllers. The workshop's center of gravity is on the prediction side, with downstream connections to the planning-around-humans subset of the TC."
Friday,2026-06-05,09:00,17:30,FrTW,8th Workshop on Long-Term Human Motion Prediction,Invited Talk (slot TBD),Johannes Betz,Technical University of Munich,TBA,noteworthy,Betz's group does autonomous racing and AV planning/control (also organizes Monday's GenAV). TC-adjacent — predicted human/agent motion feeds into AV planners.,https://motionpredictionicra2026.github.io/,"Human motion prediction is a producer for TC research rather than a TC topic in itself — predictions feed into social navigation planners, AV motion planning, and shared-autonomy controllers. The workshop's center of gravity is on the prediction side, with downstream connections to the planning-around-humans subset of the TC."
Friday,2026-06-05,09:15,17:30,FrTW,Robots Meet Prior Maps: Leveraging Geometric and Semantic Priors for Real-World Robot Autonomy,Invited Talk (slot TBD),David Hsu,National University of Singapore,TBA,important,"Hsu is the senior figure in POMDP-based planning and planning under uncertainty (DESPOT, the standard online POMDP solver). Bullseye TC. Also giving Keynote 5 on Thursday.",https://sites.google.com/view/icra2026-priors-map-workshop/home,"Using prior maps for autonomy is a planning question: how do planners reuse geometric and semantic priors to act efficiently in environments they partially know? The workshop's POMDP-planning and informative-path-planning talks are direct TC scope, and the framing connects to long-term autonomy and map-based navigation."
Friday,2026-06-05,09:15,17:30,FrTW,Robots Meet Prior Maps: Leveraging Geometric and Semantic Priors for Real-World Robot Autonomy,Invited Talk (slot TBD),Jen Jen Chung,University of Queensland,TBA,important,Same speaker as Xplore — informative path planning and exploration. Direct TC scope.,https://sites.google.com/view/icra2026-priors-map-workshop/home,"Using prior maps for autonomy is a planning question: how do planners reuse geometric and semantic priors to act efficiently in environments they partially know? The workshop's POMDP-planning and informative-path-planning talks are direct TC scope, and the framing connects to long-term autonomy and map-based navigation."
Friday,2026-06-05,09:15,17:30,FrTW,Robots Meet Prior Maps: Leveraging Geometric and Semantic Priors for Real-World Robot Autonomy,Invited Talk (slot TBD),Jose-Luis Sanchez-Lopez,University of Luxembourg,TBA,noteworthy,Sanchez-Lopez works on UAV planning and control. TC-adjacent.,https://sites.google.com/view/icra2026-priors-map-workshop/home,"Using prior maps for autonomy is a planning question: how do planners reuse geometric and semantic priors to act efficiently in environments they partially know? The workshop's POMDP-planning and informative-path-planning talks are direct TC scope, and the framing connects to long-term autonomy and map-based navigation."
Friday,2026-06-05,09:10,09:35,FrTW,Semantics for Reliable Robot Autonomy: From Environment Understanding and Reasoning to Safe Interaction,Reasoning VLA Models for Vehicle Autonomy,Marco Pavone,Stanford University / NVIDIA,TBA,noteworthy,Pavone giving a talk specifically on VLA models for vehicle autonomy — more on the learning-applied-to-AVs side than his usual planning/control work. TC-adjacent.,https://www.dynsyslab.org/icra2026-workshop-on-semantics-for-reliable-robot-autonomy/,"This workshop centers on semantics and language-driven autonomy — VLAs, LLM-driven policies, and execution monitoring. The TC connection runs through the safety and control angle (formal methods, adversarial robustness of learned policies) rather than through classical motion planning or optimal control."
Friday,2026-06-05,14:05,14:30,FrTW,Semantics for Reliable Robot Autonomy: From Environment Understanding and Reasoning to Safe Interaction,LLM-Enabled Robots: Jailbreaking Attacks and Defenses,George Pappas,University of Pennsylvania,TBA,noteworthy,"Pappas is a major control-theoretic figure (control of cyber-physical systems, formal methods). This specific talk is on adversarial robustness of LLM-driven robot policies — an emerging interface between his control theory work and modern learned policies. TC-adjacent.",https://www.dynsyslab.org/icra2026-workshop-on-semantics-for-reliable-robot-autonomy/,"This workshop centers on semantics and language-driven autonomy — VLAs, LLM-driven policies, and execution monitoring. The TC connection runs through the safety and control angle (formal methods, adversarial robustness of learned policies) rather than through classical motion planning or optimal control."
Friday,2026-06-05,14:30,14:55,FrTW,Semantics for Reliable Robot Autonomy: From Environment Understanding and Reasoning to Safe Interaction,Building an Adaptable Generalist Robot: A Human-Centered Perspective,Mengdi Xu,Tsinghua University,TBA,noteworthy,Xu works on safe RL and generalist robot adaptation. TC-adjacent through the safe-learning angle.,https://www.dynsyslab.org/icra2026-workshop-on-semantics-for-reliable-robot-autonomy/,"This workshop centers on semantics and language-driven autonomy — VLAs, LLM-driven policies, and execution monitoring. The TC connection runs through the safety and control angle (formal methods, adversarial robustness of learned policies) rather than through classical motion planning or optimal control."
Friday,2026-06-05,16:10,16:35,FrTW,Semantics for Reliable Robot Autonomy: From Environment Understanding and Reasoning to Safe Interaction,Semantics for Robot Task Execution Monitoring,Dongheui Lee,TU Wien & German Aerospace Center,TBA,noteworthy,Lee's group does robot learning + task execution monitoring. TC-adjacent — execution monitoring is the runtime side of planning/control.,https://www.dynsyslab.org/icra2026-workshop-on-semantics-for-reliable-robot-autonomy/,"This workshop centers on semantics and language-driven autonomy — VLAs, LLM-driven policies, and execution monitoring. The TC connection runs through the safety and control angle (formal methods, adversarial robustness of learned policies) rather than through classical motion planning or optimal control."
Friday,2026-06-05,08:30,09:00,FrTW,Workshop on Field Robotics,Welcome and opening remarks,Organizers,Université Laval / INRAE / BYU / ETH Zürich / Georgia Tech Europe,TBA,noteworthy,Sets the day's framing for field deployment of autonomous systems across air/ground/underwater/space. Useful context for any TC member working on real-world deployment.,https://norlab-ulaval.github.io/icra_workshop_field_robotics/,"Field robotics is a deployment lens on TC methods: trajectory optimization for field UAVs, energy-aware motion planning for AUVs, coverage planning for inspection, and LiDAR-centric navigation for outdoor robots all show up here. The morning and afternoon talks lean heavily into the planning and control side of deploying autonomous systems outside the lab."
Friday,2026-06-05,09:00,09:30,FrTW,Workshop on Field Robotics,Development of a highly manoeuvrable Autonomous Underwater Vehicle for benthic survey,Stefan Williams,University of Sydney,TBA,noteworthy,AUV design and benthic survey deployment. Vehicle-systems oriented rather than algorithmic — TC-adjacent through the autonomy stack but mostly about marine system engineering.,https://norlab-ulaval.github.io/icra_workshop_field_robotics/,"Field robotics is a deployment lens on TC methods: trajectory optimization for field UAVs, energy-aware motion planning for AUVs, coverage planning for inspection, and LiDAR-centric navigation for outdoor robots all show up here. The morning and afternoon talks lean heavily into the planning and control side of deploying autonomous systems outside the lab."
Friday,2026-06-05,09:30,09:50,FrTW,Workshop on Field Robotics,Spotlight talks (5 emerging researchers — 3 min each),Five emerging researchers,Various,TBA,noteworthy,Rapid-fire community pulse on what early-career field roboticists are working on. Worth attending for community awareness but content is too varied to predict TC relevance.,https://norlab-ulaval.github.io/icra_workshop_field_robotics/,"Field robotics is a deployment lens on TC methods: trajectory optimization for field UAVs, energy-aware motion planning for AUVs, coverage planning for inspection, and LiDAR-centric navigation for outdoor robots all show up here. The morning and afternoon talks lean heavily into the planning and control side of deploying autonomous systems outside the lab."
Friday,2026-06-05,10:50,11:20,FrTW,Workshop on Field Robotics,Autonomous Robotic Inspection on Ship Hulls and Storage Tanks,Cédric Pradalier,Georgia Tech Europe,TBA,important,"Pradalier's group works on autonomous inspection — planning coverage paths, control under contact, deployment in constrained environments. Direct TC scope: planning and control for inspection tasks in real-world settings.",https://norlab-ulaval.github.io/icra_workshop_field_robotics/,"Field robotics is a deployment lens on TC methods: trajectory optimization for field UAVs, energy-aware motion planning for AUVs, coverage planning for inspection, and LiDAR-centric navigation for outdoor robots all show up here. The morning and afternoon talks lean heavily into the planning and control side of deploying autonomous systems outside the lab."
Friday,2026-06-05,11:20,11:50,FrTW,Workshop on Field Robotics,"Field-deployable maritime autonomy through energy-aware planning, docking, and coordination",Nina Mahmoudian,Purdue University,TBA,important,"Title is bullseye TC: energy-aware planning, docking control, multi-vehicle coordination. Mahmoudian's AUV work is exactly the kind of constrained motion planning under real-world energy budgets that the TC cares about.",https://norlab-ulaval.github.io/icra_workshop_field_robotics/,"Field robotics is a deployment lens on TC methods: trajectory optimization for field UAVs, energy-aware motion planning for AUVs, coverage planning for inspection, and LiDAR-centric navigation for outdoor robots all show up here. The morning and afternoon talks lean heavily into the planning and control side of deploying autonomous systems outside the lab."
Friday,2026-06-05,13:10,14:10,FrTW,Workshop on Field Robotics,Keynote: Scaling field robotics in the age of LLMs,Nicholas Roy,MIT CSAIL,TBA,spotlight,Nick Roy is a senior figure in planning under uncertainty and POMDP-based robotics (also giving a Uncertainty in Open-World Robotics talk earlier in the day on 'Scalable Multi-Agent Navigation: Hierarchical Planning Under Real-World Uncertainty'). This keynote is on how field robotics evolves when LLMs enter the autonomy stack — written and delivered by the leading voice in the subfield. Run across the convention for this one.,https://norlab-ulaval.github.io/icra_workshop_field_robotics/,"Field robotics is a deployment lens on TC methods: trajectory optimization for field UAVs, energy-aware motion planning for AUVs, coverage planning for inspection, and LiDAR-centric navigation for outdoor robots all show up here. The morning and afternoon talks lean heavily into the planning and control side of deploying autonomous systems outside the lab."
Friday,2026-06-05,14:10,14:40,FrTW,Workshop on Field Robotics,Panel discussion,Panel,Various,TBA,important,"Post-keynote panel on field robotics deployment. With the workshop's heavy planning/control speaker lineup (Mahmoudian, Roy, Zhang) this is where deployment lessons get translated into algorithm-design implications for the TC.",https://norlab-ulaval.github.io/icra_workshop_field_robotics/,"Field robotics is a deployment lens on TC methods: trajectory optimization for field UAVs, energy-aware motion planning for AUVs, coverage planning for inspection, and LiDAR-centric navigation for outdoor robots all show up here. The morning and afternoon talks lean heavily into the planning and control side of deploying autonomous systems outside the lab."
Friday,2026-06-05,14:40,15:00,FrTW,Workshop on Field Robotics,Spotlight talks (5 emerging researchers — 3 min each),Five emerging researchers,Various,TBA,noteworthy,Second rapid-fire session of emerging-researcher work. Same caveat as the morning slot: content too varied to predict TC relevance.,https://norlab-ulaval.github.io/icra_workshop_field_robotics/,"Field robotics is a deployment lens on TC methods: trajectory optimization for field UAVs, energy-aware motion planning for AUVs, coverage planning for inspection, and LiDAR-centric navigation for outdoor robots all show up here. The morning and afternoon talks lean heavily into the planning and control side of deploying autonomous systems outside the lab."
Friday,2026-06-05,16:00,16:10,FrTW,Workshop on Field Robotics,Result announcement for the dataset competition (GOOSE 2D Semantic Segmentation),Organizers,Université Laval / Fraunhofer IOSB,TBA,noteworthy,Competition results from the fine-grained semantic segmentation challenge on off-road terrain (GOOSE/GOOSE-Ex dataset). Perception-focused — TC-adjacent because traversability segmentation feeds into navigation planners.,https://norlab-ulaval.github.io/icra_workshop_field_robotics/,"Field robotics is a deployment lens on TC methods: trajectory optimization for field UAVs, energy-aware motion planning for AUVs, coverage planning for inspection, and LiDAR-centric navigation for outdoor robots all show up here. The morning and afternoon talks lean heavily into the planning and control side of deploying autonomous systems outside the lab."
Friday,2026-06-05,16:10,16:40,FrTW,Workshop on Field Robotics,LiDAR-centric Navigation for Field Drones,Fu Zhang,University of Hong Kong,TBA,important,Fu Zhang's group is behind FAST-LIO and FAST-LIO2 — the most widely-used LiDAR-inertial odometry stacks for aerial robots. This talk on LiDAR-centric navigation for field drones is bullseye for TC members deploying UAVs in GPS-denied outdoor settings.,https://norlab-ulaval.github.io/icra_workshop_field_robotics/,"Field robotics is a deployment lens on TC methods: trajectory optimization for field UAVs, energy-aware motion planning for AUVs, coverage planning for inspection, and LiDAR-centric navigation for outdoor robots all show up here. The morning and afternoon talks lean heavily into the planning and control side of deploying autonomous systems outside the lab."
Friday,2026-06-05,16:40,17:10,FrTW,Workshop on Field Robotics,Towards Agricultural Robots with Humans in and on the Loop,Katie Driggs-Campbell,University of Illinois Urbana-Champaign,TBA,noteworthy,Driggs-Campbell also speaks at the Long-Term Human Motion Prediction workshop. Here the focus is human-in/on-the-loop agricultural robotics — closer to HRI/shared autonomy than core motion planning. TC-adjacent through the shared-control angle.,https://norlab-ulaval.github.io/icra_workshop_field_robotics/,"Field robotics is a deployment lens on TC methods: trajectory optimization for field UAVs, energy-aware motion planning for AUVs, coverage planning for inspection, and LiDAR-centric navigation for outdoor robots all show up here. The morning and afternoon talks lean heavily into the planning and control side of deploying autonomous systems outside the lab."
Friday,2026-06-05,17:10,17:30,FrTW,Workshop on Field Robotics,Conclusion,Organizers,Université Laval / INRAE / BYU / ETH Zürich / Georgia Tech Europe,TBA,noteworthy,Day-summary remarks. Useful for community signal but not technical content.,https://norlab-ulaval.github.io/icra_workshop_field_robotics/,"Field robotics is a deployment lens on TC methods: trajectory optimization for field UAVs, energy-aware motion planning for AUVs, coverage planning for inspection, and LiDAR-centric navigation for outdoor robots all show up here. The morning and afternoon talks lean heavily into the planning and control side of deploying autonomous systems outside the lab."
